{
  "__version__": "1.0.0",
  "builder": {},
  "gizmos-infos": {
    "is2D": true,
    "is3DIcon": false,
    "iconSize": 2,
    "gridVisible": true,
    "gridColor": [
      166,
      166,
      166,
      255
    ],
    "transformToolName": "position",
    "pivot": "pivot",
    "coordinate": "local",
    "toolsVisibility3d": true
  },
  "snap-configs": {
    "position": {
      "x": 1,
      "y": 1,
      "z": 1
    },
    "rotation": 1,
    "scale": 1,
    "isPositionSnapEnabled": false,
    "isRotationSnapEnabled": false,
    "isScaleSnapEnabled": false
  },
  "rect-snap-configs": {
    "enableSnapping": true,
    "snapThreshold": 4
  },
  "camera-infos": {
    "b66c273d-eee6-41ed-8d08-74ee76c0c913": {
      "position": {
        "x": 640,
        "y": 360,
        "z": 5000
      },
      "rotation": {
        "x": 0,
        "y": 0,
        "z": 0,
        "w": 1
      },
      "viewCenter": {
        "x": 0,
        "y": 0,
        "z": 0
      },
      "contentRect": {
        "x": -274.2857142857143,
        "y": -1477.0896184560781,
        "width": 450.8,
        "height": 253.575
      },
      "scale": 0.3521875
    },
    "aa629915-e7a4-4824-9dd5-e92725d0c88b": {
      "position": {
        "x": 695.7716666666666,
        "y": 432.14500000000004,
        "z": 5000
      },
      "rotation": {
        "x": 0,
        "y": 0,
        "z": 0,
        "w": 1
      },
      "viewCenter": {
        "x": 0,
        "y": 0,
        "z": 0
      },
      "contentRect": {
        "x": 0,
        "y": 78.125,
        "width": 1050,
        "height": 700
      },
      "scale": 0.7
    },
    "01d3370e-955c-474b-81b9-e84011077ff4": {
      "position": {
        "x": 438.84000000000003,
        "y": 531.3933333333333,
        "z": 5000
      },
      "rotation": {
        "x": 0,
        "y": 0,
        "z": 0,
        "w": 1
      },
      "viewCenter": {
        "x": 0,
        "y": 0,
        "z": 0
      },
      "contentRect": {
        "x": 0,
        "y": 452.50000000000006,
        "width": 448,
        "height": 885.5
      },
      "scale": 0.7
    },
    "0d42534b-3fa7-45c7-874a-b5fba28f3dfe": {
      "position": {
        "x": 345.20534860033524,
        "y": 929.3164309610099,
        "z": 5000
      },
      "rotation": {
        "x": 0,
        "y": 0,
        "z": 0,
        "w": 1
      },
      "viewCenter": {
        "x": 0,
        "y": 0,
        "z": 0
      },
      "contentRect": {
        "x": 237.47803025435715,
        "y": 165.2141790161028,
        "width": 448,
        "height": 905.8
      },
      "scale": 0.5927217186537682
    },
    "f48832cd-a367-48b8-8103-5ea374cc6b28": {
      "position": {
        "x": 651.9254658385095,
        "y": -2085.9627329192544,
        "z": 5000
      },
      "rotation": {
        "x": 0,
        "y": 0,
        "z": 0,
        "w": 1
      },
      "viewCenter": {
        "x": 0,
        "y": 0,
        "z": 0
      },
      "contentRect": {
        "x": 470.6234001036671,
        "y": -3371.9254658385084,
        "width": 450.8,
        "height": 253.575
      },
      "scale": 0.3521875
    },
    "34ff8023-16a1-451c-b169-b578a8bf4954": {
      "position": {
        "x": 331.4507537738537,
        "y": 491.05850000000004,
        "z": 5000
      },
      "rotation": {
        "x": 0,
        "y": 0,
        "z": 0,
        "w": 1
      },
      "viewCenter": {
        "x": 0,
        "y": 0,
        "z": 0
      },
      "contentRect": {
        "x": 322.8875075477073,
        "y": 430.32,
        "width": 298.3666142561966,
        "height": 905.8
      },
      "scale": 7.456555561958228
    },
    "2e9fcd02-32bf-4499-8d5c-9332b1d529be": {
      "position": {
        "x": 394.1469197756501,
        "y": 518.7397791750343,
        "z": 5000
      },
      "rotation": {
        "x": 0,
        "y": 0,
        "z": 0,
        "w": 1
      },
      "viewCenter": {
        "x": 0,
        "y": 0,
        "z": 0
      },
      "contentRect": {
        "x": 297.8540799818334,
        "y": -164.25852489787533,
        "width": 127.70464255197948,
        "height": 905.8
      },
      "scale": 0.6631055996760619
    }
  },
  "camera-uuids": [
    "b66c273d-eee6-41ed-8d08-74ee76c0c913",
    "aa629915-e7a4-4824-9dd5-e92725d0c88b",
    "01d3370e-955c-474b-81b9-e84011077ff4",
    "0d42534b-3fa7-45c7-874a-b5fba28f3dfe",
    "f48832cd-a367-48b8-8103-5ea374cc6b28",
    "34ff8023-16a1-451c-b169-b578a8bf4954",
    "2e9fcd02-32bf-4499-8d5c-9332b1d529be"
  ],
  "camera": {
    "color": [
      48,
      48,
      48,
      255
    ],
    "fov": 45,
    "far": 10000,
    "near": 0.01,
    "wheelSpeed": 0.01,
    "wanderSpeed": 10,
    "enableAcceleration": true,
    "size": "__default_design__",
    "far2D": 10000,
    "near2D": 1,
    "wheelSpeed2D": 6,
    "iso": 0,
    "aperture": 19,
    "shutter": 7
  },
  "scene_view": {
    "isSceneLightOn": true,
    "output_device": "__default_design__"
  },
  "float-window": {
    "position": {
      "cc": {
        "Camera": {
          "dock": false,
          "top": null,
          "bottom": 10,
          "left": null,
          "right": 10
        }
      }
    }
  }
}
